Record_ID,Time_min,Temperature_C,HeatFlow_mW
1,0.000,20.000,-0.330000
2,0.100,21.000,-0.329200
3,0.200,22.000,-0.328400
4,0.300,23.000,-0.327600
5,0.400,24.000,-0.326800
6,0.500,25.000,-0.326000
7,0.600,26.000,-0.325200
8,0.700,27.000,-0.324400
9,0.800,28.000,-0.323600
10,0.900,29.000,-0.322800
11,1.000,30.000,-0.322000
12,1.100,31.000,-0.321200
13,1.200,32.000,-0.320400
14,1.300,33.000,-0.319600
15,1.400,34.000,-0.318800
16,1.500,35.000,-0.318000
17,1.600,36.000,-0.317200
18,1.700,37.000,-0.316400
19,1.800,38.000,-0.315600
20,1.900,39.000,-0.314800
21,2.000,40.000,-0.314000
22,2.100,41.000,-0.313200
23,2.200,42.000,-0.312400
24,2.300,43.000,-0.311600
25,2.400,44.000,-0.310800
26,2.500,45.000,-0.310000
27,2.600,46.000,-0.309200
28,2.700,47.000,-0.308400
29,2.800,48.000,-0.307600
30,2.900,49.000,-0.306800
31,3.000,50.000,-0.306000
32,3.100,51.000,-0.305200
33,3.200,52.000,-0.304400
34,3.300,53.000,-0.303600
35,3.400,54.000,-0.302800
36,3.500,55.000,-0.302000
37,3.600,56.000,-0.301200
38,3.700,57.000,-0.300400
39,3.800,58.000,-0.299599
40,3.900,59.000,-0.298799
41,4.000,60.000,-0.297998
42,4.100,61.000,-0.297196
43,4.200,62.000,-0.296394
44,4.300,63.000,-0.295590
45,4.400,64.000,-0.294784
46,4.500,65.000,-0.293973
47,4.600,66.000,-0.293156
48,4.700,67.000,-0.292327
49,4.800,68.000,-0.291479
50,4.900,69.000,-0.290601
51,5.000,70.000,-0.289672
52,5.100,71.000,-0.288660
53,5.200,72.000,-0.287510
54,5.300,73.000,-0.286135
55,5.400,74.000,-0.284391
56,5.500,75.000,-0.282045
57,5.600,76.000,-0.278725
58,5.700,77.000,-0.273848
59,5.800,78.000,-0.266527
60,5.900,79.000,-0.255491
61,6.000,80.000,-0.239087
62,6.100,81.000,-0.215527
63,6.200,82.000,-0.183581
64,6.300,83.000,-0.143685
65,6.400,84.000,-0.098800
66,6.500,85.000,-0.053915
67,6.600,86.000,-0.014019
68,6.700,87.000,0.017927
69,6.800,88.000,0.041487
70,6.900,89.000,0.057891
71,7.000,90.000,0.068926
72,7.100,91.000,0.076247
73,7.200,92.000,0.081123
74,7.300,93.000,0.084440
75,7.400,94.000,0.086780
76,7.500,95.000,0.088510
77,7.600,96.000,0.089854
78,7.700,97.000,0.090936
79,7.800,98.000,0.091809
80,7.900,99.000,0.092459
81,8.000,100.000,0.092798
82,8.100,101.000,0.092640
83,8.200,102.000,0.091657
84,8.300,103.000,0.089329
85,8.400,104.000,0.084867
86,8.500,105.000,0.077157
87,8.600,106.000,0.064700
88,8.700,107.000,0.045616
89,8.800,108.000,0.017711
90,8.900,109.000,-0.021342
91,9.000,110.000,-0.073701
92,9.100,111.000,-0.140928
93,9.200,112.000,-0.223500
94,9.300,113.000,-0.320316
95,9.400,114.000,-0.428333
96,9.500,115.000,-0.542435
97,9.600,116.000,-0.655656
98,9.700,117.000,-0.759774
99,9.800,118.000,-0.846244
100,9.900,119.000,-0.907327
101,10.000,120.000,-0.937224
102,10.100,121.000,-0.932966
103,10.200,122.000,-0.894888
104,10.300,123.000,-0.826578
105,10.400,124.000,-0.734303
106,10.500,125.000,-0.626051
107,10.600,126.000,-0.510383
108,10.700,127.000,-0.395325
109,10.800,128.000,-0.287489
110,10.900,129.000,-0.191553
111,11.000,130.000,-0.110112
112,11.100,131.000,-0.043852
113,11.200,132.000,0.008056
114,11.300,133.000,0.047470
115,11.400,134.000,0.076803
116,11.500,135.000,0.098645
117,11.600,136.000,0.115504
118,11.700,137.000,0.129674
119,11.800,138.000,0.143211
120,11.900,139.000,0.157972
121,12.000,140.000,0.175693
122,12.100,141.000,0.198075
123,12.200,142.000,0.226857
124,12.300,143.000,0.263852
125,12.400,144.000,0.310960
126,12.500,145.000,0.370129
127,12.600,146.000,0.443281
128,12.700,147.000,0.532196
129,12.800,148.000,0.638361
130,12.900,149.000,0.762800
131,13.000,150.000,0.905884
132,13.100,151.000,1.067152
133,13.200,152.000,1.245155
134,13.300,153.000,1.437344
135,13.400,154.000,1.640029
136,13.500,155.000,1.848416
137,13.600,156.000,2.056741
138,13.700,157.000,2.258496
139,13.800,158.000,2.446750
140,13.900,159.000,2.614529
141,14.000,160.000,2.755242
142,14.100,161.000,2.863112
143,14.200,162.000,2.933565
144,14.300,163.000,2.963561
145,14.400,164.000,2.951811
146,14.500,165.000,2.898870
147,14.600,166.000,2.807098
148,14.700,167.000,2.680488
149,14.800,168.000,2.524381
150,14.900,169.000,2.345092
151,15.000,170.000,2.149494
152,15.100,171.000,1.944584
153,15.200,172.000,1.737083
154,15.300,173.000,1.533083
155,15.400,174.000,1.337789
156,15.500,175.000,1.155342
157,15.600,176.000,0.988747
158,15.700,177.000,0.839882
159,15.800,178.000,0.709589
160,15.900,179.000,0.597808
161,16.000,180.000,0.503759
162,16.100,181.000,0.426122
163,16.200,182.000,0.363228
164,16.300,183.000,0.313220
165,16.400,184.000,0.274197
166,16.500,185.000,0.244318
167,16.600,186.000,0.221883
168,16.700,187.000,0.205380
169,16.800,188.000,0.193508
170,16.900,189.000,0.185181
171,17.000,190.000,0.179513
172,17.100,191.000,0.175804
173,17.200,192.000,0.173511
174,17.300,193.000,0.172223
175,17.400,194.000,0.171636
176,17.500,195.000,0.171529
177,17.600,196.000,0.171746
178,17.700,197.000,0.172177
179,17.800,198.000,0.172746
180,17.900,199.000,0.173405
181,18.000,200.000,0.174119
182,18.100,201.000,0.174869
183,18.200,202.000,0.175639
184,18.300,203.000,0.176422
185,18.400,204.000,0.177212
186,18.500,205.000,0.178006
187,18.600,206.000,0.178803
188,18.700,207.000,0.179602
189,18.800,208.000,0.180401
190,18.900,209.000,0.181200
191,19.000,210.000,0.182000
192,19.100,211.000,0.182800
193,19.200,212.000,0.183600
194,19.300,213.000,0.184400
195,19.400,214.000,0.185200
196,19.500,215.000,0.186000
197,19.600,216.000,0.186800
198,19.700,217.000,0.187600
199,19.800,218.000,0.188400
200,19.900,219.000,0.189200
201,20.000,220.000,0.190000
202,20.100,221.000,0.190800
203,20.200,222.000,0.191600
204,20.300,223.000,0.192400
205,20.400,224.000,0.193200
206,20.500,225.000,0.194000
207,20.600,226.000,0.194800
208,20.700,227.000,0.195600
209,20.800,228.000,0.196400
210,20.900,229.000,0.197200
211,21.000,230.000,0.198000
212,21.100,231.000,0.198800
213,21.200,232.000,0.199600
214,21.300,233.000,0.200400
215,21.400,234.000,0.201200
216,21.500,235.000,0.202000
217,21.600,236.000,0.202800
218,21.700,237.000,0.203600
219,21.800,238.000,0.204400
220,21.900,239.000,0.205200
221,22.000,240.000,0.206000
222,22.100,241.000,0.206800
223,22.200,242.000,0.207600
224,22.300,243.000,0.208400
225,22.400,244.000,0.209200
226,22.500,245.000,0.210000
227,22.600,246.000,0.210800
228,22.700,247.000,0.211600
229,22.800,248.000,0.212400
230,22.900,249.000,0.213200
231,23.000,250.000,0.214000
232,23.100,251.000,0.214800
233,23.200,252.000,0.215600
234,23.300,253.000,0.216400
235,23.400,254.000,0.217200
236,23.500,255.000,0.218000
237,23.600,256.000,0.218800
238,23.700,257.000,0.219600
239,23.800,258.000,0.220400
240,23.900,259.000,0.221200
241,24.000,260.000,0.222000
242,24.100,261.000,0.222800
243,24.200,262.000,0.223600
244,24.300,263.000,0.224400
245,24.400,264.000,0.225200
246,24.500,265.000,0.226000
247,24.600,266.000,0.226800
248,24.700,267.000,0.227600
249,24.800,268.000,0.228400
250,24.900,269.000,0.229200
251,25.000,270.000,0.230000
252,25.100,271.000,0.230800
253,25.200,272.000,0.231600
254,25.300,273.000,0.232400
255,25.400,274.000,0.233200
256,25.500,275.000,0.234000
257,25.600,276.000,0.234800
258,25.700,277.000,0.235600
259,25.800,278.000,0.236400
260,25.900,279.000,0.237200
261,26.000,280.000,0.238000
262,26.100,281.000,0.238800
263,26.200,282.000,0.239600
264,26.300,283.000,0.240400
265,26.400,284.000,0.241200
266,26.500,285.000,0.242000
267,26.600,286.000,0.242800
268,26.700,287.000,0.243600
269,26.800,288.000,0.244400
270,26.900,289.000,0.245200
271,27.000,290.000,0.246000
272,27.100,291.000,0.246800
273,27.200,292.000,0.247600
274,27.300,293.000,0.248400
275,27.400,294.000,0.249200
276,27.500,295.000,0.250000
277,27.600,296.000,0.250800
278,27.700,297.000,0.251600
279,27.800,298.000,0.252400
280,27.900,299.000,0.253200
281,28.000,300.000,0.254000
